{
    "annotations": {
      "list": [
        {
          "builtIn": 1,
          "datasource": {
            "type": "datasource",
            "uid": "grafana"
          },
          "enable": true,
          "hide": true,
          "iconColor": "rgba(0, 211, 255, 1)",
          "limit": 100,
          "name": "Annotations & Alerts",
          "showIn": 0,
          "target": {
            "limit": 100,
            "matchAny": false,
            "tags": [],
            "type": "dashboard"
          },
          "type": "dashboard"
        },
        {
          "datasource": {
            "type": "prometheus"
          },
          "enable": true,
          "expr": "resets(process_uptime_seconds{instance=\"$instance\"}[1m]) > 0",
          "iconColor": "rgba(255, 96, 96, 1)",
          "name": "Restart Detection",
          "showIn": 0,
          "step": "1m",
          "tagKeys": "restart-tag",
          "textFormat": "uptime reset",
          "titleFormat": "Restart"
        }
      ]
    },
    "description": "Dashboard for Micrometer(Java, Spring Boot, Actuator)",
    "editable": true,
    "fiscalYearStartMonth": 0,
    "gnetId": 13694,
    "graphTooltip": 1,
    "id": 7,
    "iteration": 1656136147935,
    "links": [],
    "liveNow": false,
    "panels": [
      {
        "collapsed": false,
        "datasource": {
          "type": "prometheus"
        },
        "gridPos": {
          "h": 1,
          "w": 24,
          "x": 0,
          "y": 0
        },
        "id": 125,
        "panels": [],
        "title": "Quick Facts",
        "type": "row"
      },
      {
        "datasource": {
          "type": "prometheus"
        },
        "fieldConfig": {
          "defaults": {
            "color": {
              "mode": "thresholds"
            },
            "decimals": 1,
            "mappings": [
              {
                "options": {
                  "match": "null",
                  "result": {
                    "text": "N/A"
                  }
                },
                "type": "special"
              }
            ],
            "thresholds": {
              "mode": "absolute",
              "steps": [
                {
                  "color": "green",
                  "value": null
                },
                {
                  "color": "red",
                  "value": 80
                }
              ]
            },
            "unit": "s"
          },
          "overrides": []
        },
        "gridPos": {
          "h": 3,
          "w": 6,
          "x": 0,
          "y": 1
        },
        "id": 63,
        "links": [],
        "maxDataPoints": 100,
        "options": {
          "colorMode": "value",
          "graphMode": "none",
          "justifyMode": "auto",
          "orientation": "horizontal",
          "reduceOptions": {
            "calcs": [
              "lastNotNull"
            ],
            "fields": "",
            "values": false
          },
          "textMode": "auto"
        },
        "pluginVersion": "8.5.3",
        "targets": [
          {
            "expr": "process_uptime_seconds{instance=\"$instance\"}",
            "format": "time_series",
            "intervalFactor": 2,
            "legendFormat": "",
            "metric": "",
            "refId": "A",
            "step": 14400
          }
        ],
        "title": "Uptime",
        "type": "stat"
      },
      {
        "datasource": {
          "type": "prometheus"
        },
        "fieldConfig": {
          "defaults": {
            "color": {
              "mode": "thresholds"
            },
            "mappings": [
              {
                "options": {
                  "match": "null",
                  "result": {
                    "text": "N/A"
                  }
                },
                "type": "special"
              }
            ],
            "thresholds": {
              "mode": "absolute",
              "steps": [
                {
                  "color": "green",
                  "value": null
                },
                {
                  "color": "red",
                  "value": 80
                }
              ]
            },
            "unit": "dateTimeAsIso"
          },
          "overrides": []
        },
        "gridPos": {
          "h": 3,
          "w": 6,
          "x": 6,
          "y": 1
        },
        "id": 92,
        "links": [],
        "maxDataPoints": 100,
        "options": {
          "colorMode": "value",
          "graphMode": "none",
          "justifyMode": "auto",
          "orientation": "horizontal",
          "reduceOptions": {
            "calcs": [
              "lastNotNull"
            ],
            "fields": "",
            "values": false
          },
          "textMode": "auto"
        },
        "pluginVersion": "8.5.3",
        "targets": [
          {
            "expr": "process_start_time_seconds{instance=\"$instance\"}*1000",
            "format": "time_series",
            "intervalFactor": 2,
            "legendFormat": "",
            "metric": "",
            "refId": "A",
            "step": 14400
          }
        ],
        "title": "Start time",
        "type": "stat"
      },
      {
        "datasource": {
          "type": "prometheus"
        },
        "fieldConfig": {
          "defaults": {
            "color": {
              "mode": "thresholds"
            },
            "decimals": 2,
            "mappings": [
              {
                "options": {
                  "match": "null",
                  "result": {
                    "text": "N/A"
                  }
                },
                "type": "special"
              }
            ],
            "thresholds": {
              "mode": "absolute",
              "steps": [
                {
                  "color": "rgba(50, 172, 45, 0.97)",
                  "value": null
                },
                {
                  "color": "rgba(237, 129, 40, 0.89)",
                  "value": 70
                },
                {
                  "color": "rgba(245, 54, 54, 0.9)",
                  "value": 90
                }
              ]
            },
            "unit": "percent"
          },
          "overrides": []
        },
        "gridPos": {
          "h": 3,
          "w": 6,
          "x": 12,
          "y": 1
        },
        "id": 65,
        "links": [],
        "maxDataPoints": 100,
        "options": {
          "colorMode": "value",
          "graphMode": "none",
          "justifyMode": "auto",
          "orientation": "horizontal",
          "reduceOptions": {
            "calcs": [
              "lastNotNull"
            ],
            "fields": "",
            "values": false
          },
          "textMode": "auto"
        },
        "pluginVersion": "8.5.3",
        "targets": [
          {
            "expr": "sum(jvm_memory_used_bytes{instance=\"$instance\", area=\"heap\"})*100/sum(jvm_memory_max_bytes{instance=\"$instance\", area=\"heap\"})",
            "format": "time_series",
            "intervalFactor": 2,
            "legendFormat": "",
            "refId": "A",
            "step": 14400
          }
        ],
        "title": "Heap used",
        "type": "stat"
      },
      {
        "datasource": {
          "type": "prometheus"
        },
        "fieldConfig": {
          "defaults": {
            "color": {
              "mode": "thresholds"
            },
            "decimals": 2,
            "mappings": [
              {
                "options": {
                  "match": "null",
                  "result": {
                    "text": "N/A"
                  }
                },
                "type": "special"
              },
              {
                "options": {
                  "from": -1e+32,
                  "result": {
                    "text": "N/A"
                  },
                  "to": 0
                },
                "type": "range"
              }
            ],
            "thresholds": {
              "mode": "absolute",
              "steps": [
                {
                  "color": "rgba(50, 172, 45, 0.97)",
                  "value": null
                },
                {
                  "color": "rgba(237, 129, 40, 0.89)",
                  "value": 70
                },
                {
                  "color": "rgba(245, 54, 54, 0.9)",
                  "value": 90
                }
              ]
            },
            "unit": "percent"
          },
          "overrides": []
        },
        "gridPos": {
          "h": 3,
          "w": 6,
          "x": 18,
          "y": 1
        },
        "id": 75,
        "links": [],
        "maxDataPoints": 100,
        "options": {
          "colorMode": "value",
          "graphMode": "none",
          "justifyMode": "auto",
          "orientation": "horizontal",
          "reduceOptions": {
            "calcs": [
              "lastNotNull"
            ],
            "fields": "",
            "values": false
          },
          "textMode": "auto"
        },
        "pluginVersion": "8.5.3",
        "targets": [
          {
            "expr": "sum(jvm_memory_used_bytes{instance=\"$instance\", area=\"nonheap\"})*100/sum(jvm_memory_max_bytes{instance=\"$instance\", area=\"nonheap\"})",
            "format": "time_series",
            "intervalFactor": 2,
            "legendFormat": "",
            "refId": "A",
            "step": 14400
          }
        ],
        "title": "Non-Heap used",
        "type": "stat"
      },
      {
        "datasource": {
           "type": "prometheus"
          
        },
        "fieldConfig": {
          "defaults": {
            "color": {
              "mode": "palette-classic"
            },
            "custom": {
              "axisLabel": "",
              "axisPlacement": "auto",
              "barAlignment": 1,
              "drawStyle": "line",
              "fillOpacity": 0,
              "gradientMode": "none",
              "hideFrom": {
                "legend": false,
                "tooltip": false,
                "viz": false
              },
              "lineInterpolation": "linear",
              "lineWidth": 1,
              "pointSize": 1,
              "scaleDistribution": {
                "type": "linear"
              },
              "showPoints": "auto",
              "spanNulls": false,
              "stacking": {
                "group": "A",
                "mode": "none"
              },
              "thresholdsStyle": {
                "mode": "off"
              }
            },
            "mappings": [],
            "thresholds": {
              "mode": "absolute",
              "steps": [
                {
                  "color": "green",
                  "value": null
                },
                {
                  "color": "red",
                  "value": 80
                }
              ]
            },
            "unit": "s"
          },
          "overrides": []
        },
        "gridPos": {
          "h": 8,
          "w": 12,
          "x": 0,
          "y": 4
        },
        "id": 145,
        "options": {
          "legend": {
            "calcs": [],
            "displayMode": "list",
            "placement": "bottom"
          },
          "tooltip": {
            "mode": "single",
            "sort": "none"
          }
        },
        "targets": [
          {
            "datasource": {
               "type": "prometheus"
              
            },
            "editorMode": "code",
            "exemplar": false,
            "expr": "rate(get_book_seconds_sum{instance=\"$instance\"}[30m]) / rate(get_book_seconds_count{instance=\"$instance\"}[30m])",
            "format": "time_series",
            "hide": false,
            "instant": false,
            "legendFormat": "__auto",
            "range": true,
            "refId": "A"
          },
          {
            "datasource": {
               "type": "prometheus"
              
            },
            "expr": "rate(get_author_seconds_sum{instance=\"$instance\"}[30m]) / rate(get_author_seconds_count{instance=\"$instance\"}[30m])",
            "hide": false,
            "refId": "B"
          },
          {
            "datasource": {
               "type": "prometheus"
              
            },
            "expr": "rate(get_member_seconds_sum{instance=\"$instance\"}[30m]) / rate(get_member_seconds_count{instance=\"$instance\"}[30m])",
            "hide": false,
            "refId": "C"
          }
        ],
        "title": "API 평균 응답시간",
        "type": "timeseries"
      },
      {
        "datasource": {
           "type": "prometheus"
          
        },
        "fieldConfig": {
          "defaults": {
            "color": {
              "mode": "palette-classic"
            },
            "custom": {
              "axisLabel": "",
              "axisPlacement": "auto",
              "barAlignment": 0,
              "drawStyle": "line",
              "fillOpacity": 0,
              "gradientMode": "none",
              "hideFrom": {
                "legend": false,
                "tooltip": false,
                "viz": false
              },
              "lineInterpolation": "linear",
              "lineWidth": 1,
              "pointSize": 1,
              "scaleDistribution": {
                "type": "linear"
              },
              "showPoints": "auto",
              "spanNulls": false,
              "stacking": {
                "group": "A",
                "mode": "none"
              },
              "thresholdsStyle": {
                "mode": "off"
              }
            },
            "mappings": [],
            "thresholds": {
              "mode": "absolute",
              "steps": [
                {
                  "color": "green",
                  "value": null
                },
                {
                  "color": "red",
                  "value": 80
                }
              ]
            }
          },
          "overrides": []
        },
        "gridPos": {
          "h": 8,
          "w": 12,
          "x": 12,
          "y": 4
        },
        "id": 139,
        "options": {
          "legend": {
            "calcs": [],
            "displayMode": "list",
            "placement": "bottom"
          },
          "tooltip": {
            "mode": "single",
            "sort": "none"
          }
        },
        "targets": [
          {
            "datasource": {
               "type": "prometheus"
              
            },
            "editorMode": "code",
            "expr": "jdbc_connections_max{instance=\"$instance\"}",
            "legendFormat": "",
            "range": true,
            "refId": "A"
          },
          {
            "datasource": {
               "type": "prometheus"
              
            },
            "expr": "jdbc_connections_min{instance=\"$instance\"}",
            "hide": false,
            "refId": "B"
          }
        ],
        "title": "JDBC 커넥션풀",
        "type": "timeseries"
      },
      {
        "collapsed": false,
        "datasource": {
          "type": "prometheus"
        },
        "gridPos": {
          "h": 1,
          "w": 24,
          "x": 0,
          "y": 12
        },
        "id": 126,
        "panels": [],
        "title": "I/O Overview",
        "type": "row"
      },
      {
        "aliasColors": {},
        "bars": false,
        "dashLength": 10,
        "dashes": false,
        "datasource": {
           "type": "prometheus"
          
        },
        "fill": 1,
        "fillGradient": 0,
        "gridPos": {
          "h": 7,
          "w": 6,
          "x": 0,
          "y": 13
        },
        "hiddenSeries": false,
        "id": 111,
        "legend": {
          "avg": false,
          "current": true,
          "max": false,
          "min": false,
          "show": true,
          "total": false,
          "values": true
        },
        "lines": true,
        "linewidth": 1,
        "links": [],
        "nullPointMode": "null",
        "options": {
          "alertThreshold": true
        },
        "percentage": false,
        "pluginVersion": "8.5.3",
        "pointradius": 5,
        "points": false,
        "renderer": "flot",
        "seriesOverrides": [],
        "spaceLength": 10,
        "stack": false,
        "steppedLine": false,
        "targets": [
          {
            "datasource": {
              "type": "prometheus"
            },
            "expr": "http_server_requests_seconds_max{instance=\"$instance\"}",
            "format": "time_series",
            "intervalFactor": 1,
            "legendFormat": "HTTP",
            "refId": "A"
          }
        ],
        "thresholds": [],
        "timeRegions": [],
        "title": "Rate",
        "tooltip": {
          "shared": true,
          "sort": 0,
          "value_type": "individual"
        },
        "type": "graph",
        "xaxis": {
          "mode": "time",
          "show": true,
          "values": []
        },
        "yaxes": [
          {
            "format": "ops",
            "logBase": 1,
            "min": "0",
            "show": true
          },
          {
            "format": "short",
            "logBase": 1,
            "show": true
          }
        ],
        "yaxis": {
          "align": false
        }
      },
      {
        "aliasColors": {
          "HTTP": "#890f02",
          "HTTP - 5xx": "#bf1b00"
        },
        "bars": false,
        "dashLength": 10,
        "dashes": false,
        "datasource": {
          "type": "prometheus"
        },
        "fill": 1,
        "fillGradient": 0,
        "gridPos": {
          "h": 7,
          "w": 6,
          "x": 6,
          "y": 13
        },
        "hiddenSeries": false,
        "id": 112,
        "legend": {
          "avg": false,
          "current": true,
          "max": false,
          "min": false,
          "show": true,
          "total": false,
          "values": true
        },
        "lines": true,
        "linewidth": 1,
        "links": [],
        "nullPointMode": "null",
        "options": {
          "alertThreshold": true
        },
        "percentage": false,
        "pluginVersion": "8.5.3",
        "pointradius": 5,
        "points": false,
        "renderer": "flot",
        "seriesOverrides": [],
        "spaceLength": 10,
        "stack": false,
        "steppedLine": false,
        "targets": [
          {
            "datasource": {
              "type": "prometheus"
            },
            "expr": "sum(rate(http_server_requests_seconds_count{instance=\"$instance\", status=~\"2..\"}[1m]))",
            "format": "time_series",
            "intervalFactor": 1,
            "legendFormat": "HTTP - 5xx",
            "refId": "A"
          }
        ],
        "thresholds": [],
        "timeRegions": [],
        "title": "Errors",
        "tooltip": {
          "shared": true,
          "sort": 0,
          "value_type": "individual"
        },
        "type": "graph",
        "xaxis": {
          "mode": "time",
          "show": true,
          "values": []
        },
        "yaxes": [
          {
            "format": "ops",
            "logBase": 1,
            "min": "0",
            "show": true
          },
          {
            "format": "short",
            "logBase": 1,
            "show": true
          }
        ],
        "yaxis": {
          "align": false
        }
      },
      {
        "aliasColors": {},
        "bars": false,
        "dashLength": 10,
        "dashes": false,
        "datasource": {
           "type": "prometheus"
          
        },
        "fill": 1,
        "fillGradient": 0,
        "gridPos": {
          "h": 7,
          "w": 6,
          "x": 12,
          "y": 13
        },
        "hiddenSeries": false,
        "id": 113,
        "legend": {
          "avg": false,
          "current": true,
          "max": false,
          "min": false,
          "show": true,
          "total": false,
          "values": true
        },
        "lines": true,
        "linewidth": 1,
        "links": [],
        "nullPointMode": "null",
        "options": {
          "alertThreshold": true
        },
        "percentage": false,
        "pluginVersion": "8.5.3",
        "pointradius": 5,
        "points": false,
        "renderer": "flot",
        "seriesOverrides": [],
        "spaceLength": 10,
        "stack": false,
        "steppedLine": false,
        "targets": [
          {
            "datasource": {
               "type": "prometheus"
              
            },
            "expr": "sum(rate(http_server_requests_seconds_sum{instance=\"$instance\", status!~\"5..\"}[1m])) / sum(rate(http_server_requests_seconds_count{instance=\"$instance\", status!~\"5..\"}[1m]))",
            "format": "time_series",
            "hide": false,
            "intervalFactor": 1,
            "legendFormat": "HTTP - AVG",
            "refId": "A"
          },
          {
            "datasource": {
               "type": "prometheus"
              
            },
            "expr": "max(http_server_requests_seconds_max{instance=\"$instance\", status!~\"5..\"})",
            "format": "time_series",
            "hide": false,
            "intervalFactor": 1,
            "legendFormat": "HTTP - MAX",
            "refId": "B"
          }
        ],
        "thresholds": [],
        "timeRegions": [],
        "title": "Duration",
        "tooltip": {
          "shared": true,
          "sort": 0,
          "value_type": "individual"
        },
        "type": "graph",
        "xaxis": {
          "mode": "time",
          "show": true,
          "values": []
        },
        "yaxes": [
          {
            "format": "s",
            "logBase": 1,
            "min": "0",
            "show": true
          },
          {
            "format": "short",
            "logBase": 1,
            "show": true
          }
        ],
        "yaxis": {
          "align": false
        }
      },
      {
        "aliasColors": {},
        "bars": false,
        "dashLength": 10,
        "dashes": false,
        "datasource": {
          "type": "prometheus"
        },
        "description": "",
        "fill": 1,
        "fillGradient": 0,
        "gridPos": {
          "h": 7,
          "w": 6,
          "x": 18,
          "y": 13
        },
        "hiddenSeries": false,
        "id": 119,
        "legend": {
          "alignAsTable": false,
          "avg": false,
          "current": true,
          "max": false,
          "min": false,
          "show": true,
          "total": false,
          "values": true
        },
        "lines": true,
        "linewidth": 1,
        "links": [],
        "nullPointMode": "null",
        "options": {
          "alertThreshold": true
        },
        "percentage": false,
        "pluginVersion": "8.5.3",
        "pointradius": 5,
        "points": false,
        "renderer": "flot",
        "seriesOverrides": [],
        "spaceLength": 10,
        "stack": false,
        "steppedLine": false,
        "targets": [
          {
            "datasource": {
              "type": "prometheus"
            },
            "expr": "tomcat_threads_busy{instance=\"$instance\"} or F{instance=\"$instance\"}",
            "format": "time_series",
            "hide": false,
            "intervalFactor": 2,
            "legendFormat": "TOMCAT - BSY",
            "refId": "A"
          },
          {
            "datasource": {
              "type": "prometheus"
            },
            "expr": "tomcat_threads_current{instance=\"$instance\"} or tomcat_threads_current_threads{instance=\"$instance\"}",
            "format": "time_series",
            "intervalFactor": 2,
            "legendFormat": "TOMCAT - CUR",
            "refId": "B"
          },
          {
            "datasource": {
              "type": "prometheus"
            },
            "expr": "tomcat_threads_config_max{instance=\"$instance\"} or tomcat_threads_config_max_threads{instance=\"$instance\"}",
            "format": "time_series",
            "intervalFactor": 2,
            "legendFormat": "TOMCAT - MAX",
            "refId": "C"
          },
          {
            "datasource": {
              "type": "prometheus"
            },
            "expr": "jetty_threads_busy{instance=\"$instance\"}",
            "format": "time_series",
            "hide": false,
            "intervalFactor": 2,
            "legendFormat": "JETTY - BSY",
            "refId": "D"
          },
          {
            "datasource": {
              "type": "prometheus"
            },
            "expr": "jetty_threads_current{instance=\"$instance\"}",
            "format": "time_series",
            "intervalFactor": 2,
            "legendFormat": "JETTY - CUR",
            "refId": "E"
          },
          {
            "datasource": {
              "type": "prometheus"
            },
            "expr": "jetty_threads_config_max{instance=\"$instance\"}",
            "format": "time_series",
            "intervalFactor": 2,
            "legendFormat": "JETTY - MAX",
            "refId": "F"
          }
        ],
        "thresholds": [],
        "timeRegions": [],
        "title": "Utilisation",
        "tooltip": {
          "shared": true,
          "sort": 0,
          "value_type": "individual"
        },
        "type": "graph",
        "xaxis": {
          "mode": "time",
          "show": true,
          "values": []
        },
        "yaxes": [
          {
            "format": "short",
            "logBase": 1,
            "min": "0",
            "show": true
          },
          {
            "format": "short",
            "logBase": 1,
            "show": true
          }
        ],
        "yaxis": {
          "align": false
        }
      },
      {
        "collapsed": false,
        "datasource": {
          "type": "prometheus"
        },
        "gridPos": {
          "h": 1,
          "w": 24,
          "x": 0,
          "y": 20
        },
        "id": 127,
        "panels": [],
        "title": "JVM Memory",
        "type": "row"
      },
      {
        "aliasColors": {},
        "bars": false,
        "dashLength": 10,
        "dashes": false,
        "datasource": {
          "type": "prometheus"
        },
        "editable": true,
        "error": false,
        "fill": 1,
        "fillGradient": 0,
        "grid": {
          "leftLogBase": 1,
          "rightLogBase": 1
        },
        "gridPos": {
          "h": 7,
          "w": 6,
          "x": 0,
          "y": 21
        },
        "hiddenSeries": false,
        "id": 24,
        "legend": {
          "avg": false,
          "current": true,
          "max": true,
          "min": false,
          "show": true,
          "total": false,
          "values": true
        },
        "lines": true,
        "linewidth": 1,
        "links": [],
        "nullPointMode": "null",
        "options": {
          "alertThreshold": true
        },
        "percentage": false,
        "pluginVersion": "8.5.3",
        "pointradius": 5,
        "points": false,
        "renderer": "flot",
        "seriesOverrides": [],
        "spaceLength": 10,
        "stack": false,
        "steppedLine": false,
        "targets": [
          {
            "expr": "sum(jvm_memory_used_bytes{instance=\"$instance\", area=\"heap\"})",
            "format": "time_series",
            "intervalFactor": 2,
            "legendFormat": "used",
            "metric": "",
            "refId": "A",
            "step": 2400
          },
          {
            "expr": "sum(jvm_memory_committed_bytes{instance=\"$instance\", area=\"heap\"})",
            "format": "time_series",
            "intervalFactor": 2,
            "legendFormat": "committed",
            "refId": "B",
            "step": 2400
          },
          {
            "expr": "sum(jvm_memory_max_bytes{instance=\"$instance\", area=\"heap\"})",
            "format": "time_series",
            "intervalFactor": 2,
            "legendFormat": "max",
            "refId": "C",
            "step": 2400
          }
        ],
        "thresholds": [],
        "timeRegions": [],
        "title": "JVM Heap",
        "tooltip": {
          "msResolution": false,
          "shared": true,
          "sort": 0,
          "value_type": "cumulative"
        },
        "type": "graph",
        "x-axis": true,
        "xaxis": {
          "mode": "time",
          "show": true,
          "values": []
        },
        "y-axis": true,
        "y_formats": [
          "mbytes",
          "short"
        ],
        "yaxes": [
          {
            "format": "bytes",
            "logBase": 1,
            "min": 0,
            "show": true
          },
          {
            "format": "short",
            "logBase": 1,
            "show": true
          }
        ],
        "yaxis": {
          "align": false
        }
      },
      {
        "aliasColors": {},
        "bars": false,
        "dashLength": 10,
        "dashes": false,
        "datasource": {
          "type": "prometheus"
        },
        "editable": true,
        "error": false,
        "fill": 1,
        "fillGradient": 0,
        "grid": {
          "leftLogBase": 1,
          "rightLogBase": 1
        },
        "gridPos": {
          "h": 7,
          "w": 6,
          "x": 6,
          "y": 21
        },
        "hiddenSeries": false,
        "id": 25,
        "legend": {
          "avg": false,
          "current": true,
          "max": true,
          "min": false,
          "show": true,
          "total": false,
          "values": true
        },
        "lines": true,
        "linewidth": 1,
        "links": [],
        "nullPointMode": "null",
        "options": {
          "alertThreshold": true
        },
        "percentage": false,
        "pluginVersion": "8.5.3",
        "pointradius": 5,
        "points": false,
        "renderer": "flot",
        "seriesOverrides": [],
        "spaceLength": 10,
        "stack": false,
        "steppedLine": false,
        "targets": [
          {
            "expr": "sum(jvm_memory_used_bytes{instance=\"$instance\", area=\"nonheap\"})",
            "format": "time_series",
            "interval": "",
            "intervalFactor": 2,
            "legendFormat": "used",
            "metric": "",
            "refId": "A",
            "step": 2400
          },
          {
            "expr": "sum(jvm_memory_committed_bytes{instance=\"$instance\", area=\"nonheap\"})",
            "format": "time_series",
            "intervalFactor": 2,
            "legendFormat": "committed",
            "refId": "B",
            "step": 2400
          },
          {
            "expr": "sum(jvm_memory_max_bytes{instance=\"$instance\", area=\"nonheap\"})",
            "format": "time_series",
            "intervalFactor": 2,
            "legendFormat": "max",
            "refId": "C",
            "step": 2400
          }
        ],
        "thresholds": [],
        "timeRegions": [],
        "title": "JVM Non-Heap",
        "tooltip": {
          "msResolution": false,
          "shared": true,
          "sort": 0,
          "value_type": "cumulative"
        },
        "type": "graph",
        "x-axis": true,
        "xaxis": {
          "mode": "time",
          "show": true,
          "values": []
        },
        "y-axis": true,
        "y_formats": [
          "mbytes",
          "short"
        ],
        "yaxes": [
          {
            "format": "bytes",
            "logBase": 1,
            "min": 0,
            "show": true
          },
          {
            "format": "short",
            "logBase": 1,
            "show": true
          }
        ],
        "yaxis": {
          "align": false
        }
      },
      {
        "aliasColors": {},
        "bars": false,
        "dashLength": 10,
        "dashes": false,
        "datasource": {
          "type": "prometheus"
        },
        "editable": true,
        "error": false,
        "fill": 1,
        "fillGradient": 0,
        "grid": {
          "leftLogBase": 1,
          "rightLogBase": 1
        },
        "gridPos": {
          "h": 7,
          "w": 6,
          "x": 12,
          "y": 21
        },
        "hiddenSeries": false,
        "id": 26,
        "legend": {
          "alignAsTable": false,
          "avg": false,
          "current": true,
          "max": true,
          "min": false,
          "show": true,
          "total": false,
          "values": true
        },
        "lines": true,
        "linewidth": 1,
        "links": [],
        "nullPointMode": "null",
        "options": {
          "alertThreshold": true
        },
        "percentage": false,
        "pluginVersion": "8.5.3",
        "pointradius": 5,
        "points": false,
        "renderer": "flot",
        "seriesOverrides": [],
        "spaceLength": 10,
        "stack": false,
        "steppedLine": false,
        "targets": [
          {
            "expr": "sum(jvm_memory_used_bytes{instance=\"$instance\"})",
            "format": "time_series",
            "intervalFactor": 2,
            "legendFormat": "used",
            "metric": "",
            "refId": "A",
            "step": 2400
          },
          {
            "expr": "sum(jvm_memory_committed_bytes{instance=\"$instance\"})",
            "format": "time_series",
            "intervalFactor": 2,
            "legendFormat": "committed",
            "refId": "B",
            "step": 2400
          },
          {
            "expr": "sum(jvm_memory_max_bytes{instance=\"$instance\"})",
            "format": "time_series",
            "intervalFactor": 2,
            "legendFormat": "max",
            "refId": "C",
            "step": 2400
          },
          {
            "expr": "process_memory_vss_bytes{instance=\"$instance\"}",
            "format": "time_series",
            "hide": true,
            "intervalFactor": 2,
            "legendFormat": "vss",
            "metric": "",
            "refId": "D",
            "step": 2400
          },
          {
            "expr": "process_memory_rss_bytes{instance=\"$instance\"}",
            "format": "time_series",
            "intervalFactor": 2,
            "legendFormat": "rss",
            "refId": "E",
            "step": 2400
          },
          {
            "expr": "process_memory_pss_bytes{instance=\"$instance\"}",
            "format": "time_series",
            "intervalFactor": 2,
            "legendFormat": "pss",
            "refId": "F",
            "step": 2400
          },
          {
            "expr": "process_memory_swap_bytes{instance=\"$instance\"}",
            "format": "time_series",
            "intervalFactor": 2,
            "legendFormat": "swap",
            "refId": "G",
            "step": 2400
          },
          {
            "expr": "process_memory_swappss_bytes{instance=\"$instance\"}",
            "format": "time_series",
            "intervalFactor": 2,
            "legendFormat": "swappss",
            "refId": "H",
            "step": 2400
          },
          {
            "expr": "process_memory_pss_bytes{instance=\"$instance\"} + process_memory_swap_bytes{instance=\"$instance\"}",
            "format": "time_series",
            "intervalFactor": 2,
            "legendFormat": "phys (pss+swap)",
            "refId": "I",
            "step": 2400
          }
        ],
        "thresholds": [],
        "timeRegions": [],
        "title": "JVM Total",
        "tooltip": {
          "msResolution": false,
          "shared": true,
          "sort": 0,
          "value_type": "cumulative"
        },
        "type": "graph",
        "x-axis": true,
        "xaxis": {
          "mode": "time",
          "show": true,
          "values": []
        },
        "y-axis": true,
        "y_formats": [
          "mbytes",
          "short"
        ],
        "yaxes": [
          {
            "format": "bytes",
            "label": "",
            "logBase": 1,
            "min": 0,
            "show": true
          },
          {
            "format": "short",
            "logBase": 1,
            "show": true
          }
        ],
        "yaxis": {
          "align": false
        }
      },
      {
        "aliasColors": {},
        "bars": false,
        "dashLength": 10,
        "dashes": false,
        "datasource": {
          "type": "prometheus"
        },
        "editable": true,
        "error": false,
        "fill": 1,
        "fillGradient": 0,
        "grid": {
          "leftLogBase": 1,
          "rightLogBase": 1
        },
        "gridPos": {
          "h": 7,
          "w": 6,
          "x": 18,
          "y": 21
        },
        "hiddenSeries": false,
        "id": 86,
        "legend": {
          "avg": false,
          "current": true,
          "max": true,
          "min": false,
          "show": true,
          "total": false,
          "values": true
        },
        "lines": true,
        "linewidth": 1,
        "links": [],
        "nullPointMode": "null",
        "options": {
          "alertThreshold": true
        },
        "percentage": false,
        "pluginVersion": "8.5.3",
        "pointradius": 5,
        "points": false,
        "renderer": "flot",
        "seriesOverrides": [],
        "spaceLength": 10,
        "stack": false,
        "steppedLine": false,
        "targets": [
          {
            "expr": "(process_memory_pss_bytes{instance=\"$instance\"} + process_memory_swap_bytes{instance=\"$instance\"}  - on(instance) sum(jvm_memory_committed_bytes{instance=\"$instance\"})  by(instance)) >= 0",
            "format": "time_series",
            "hide": false,
            "intervalFactor": 2,
            "legendFormat": "native",
            "metric": "",
            "refId": "A",
            "step": 2400
          }
        ],
        "thresholds": [],
        "timeRegions": [],
        "title": "JVM Native Memory",
        "tooltip": {
          "msResolution": false,
          "shared": true,
          "sort": 0,
          "value_type": "cumulative"
        },
        "type": "graph",
        "x-axis": true,
        "xaxis": {
          "mode": "time",
          "show": true,
          "values": []
        },
        "y-axis": true,
        "y_formats": [
          "mbytes",
          "short"
        ],
        "yaxes": [
          {
            "format": "bytes",
            "label": "",
            "logBase": 1,
            "min": "0",
            "show": true
          },
          {
            "format": "short",
            "logBase": 1,
            "show": true
          }
        ],
        "yaxis": {
          "align": false
        }
      },
      {
        "collapsed": false,
        "datasource": {
          "type": "prometheus"
        },
        "gridPos": {
          "h": 1,
          "w": 24,
          "x": 0,
          "y": 28
        },
        "id": 128,
        "panels": [],
        "title": "JVM Misc",
        "type": "row"
      },
      {
        "aliasColors": {},
        "bars": false,
        "dashLength": 10,
        "dashes": false,
        "datasource": {
          "type": "prometheus"
        },
        "editable": true,
        "error": false,
        "fill": 1,
        "fillGradient": 0,
        "grid": {
          "leftLogBase": 1,
          "rightLogBase": 1
        },
        "gridPos": {
          "h": 7,
          "w": 6,
          "x": 0,
          "y": 29
        },
        "hiddenSeries": false,
        "id": 106,
        "legend": {
          "avg": false,
          "current": true,
          "max": true,
          "min": false,
          "show": true,
          "total": false,
          "values": true
        },
        "lines": true,
        "linewidth": 1,
        "links": [],
        "nullPointMode": "null",
        "options": {
          "alertThreshold": true
        },
        "percentage": false,
        "pluginVersion": "8.5.3",
        "pointradius": 5,
        "points": false,
        "renderer": "flot",
        "seriesOverrides": [],
        "spaceLength": 10,
        "stack": false,
        "steppedLine": false,
        "targets": [
          {
            "expr": "system_cpu_usage{instance=\"$instance\"}",
            "format": "time_series",
            "hide": false,
            "intervalFactor": 1,
            "legendFormat": "system",
            "metric": "",
            "refId": "A",
            "step": 2400
          },
          {
            "expr": "process_cpu_usage{instance=\"$instance\"}",
            "format": "time_series",
            "hide": false,
            "intervalFactor": 1,
            "legendFormat": "process",
            "refId": "B"
          },
          {
            "expr": "avg_over_time(process_cpu_usage{instance=\"$instance\"}[1h])",
            "format": "time_series",
            "hide": false,
            "intervalFactor": 1,
            "legendFormat": "process-1h",
            "refId": "C"
          }
        ],
        "thresholds": [],
        "timeRegions": [],
        "title": "CPU",
        "tooltip": {
          "msResolution": false,
          "shared": true,
          "sort": 0,
          "value_type": "cumulative"
        },
        "type": "graph",
        "x-axis": true,
        "xaxis": {
          "mode": "time",
          "show": true,
          "values": []
        },
        "y-axis": true,
        "y_formats": [
          "short",
          "short"
        ],
        "yaxes": [
          {
            "decimals": 1,
            "format": "percentunit",
            "label": "",
            "logBase": 1,
            "max": "1",
            "min": 0,
            "show": true
          },
          {
            "format": "short",
            "logBase": 1,
            "show": true
          }
        ],
        "yaxis": {
          "align": false
        }
      },
      {
        "aliasColors": {},
        "bars": false,
        "dashLength": 10,
        "dashes": false,
        "datasource": {
          "type": "prometheus"
        },
        "editable": true,
        "error": false,
        "fill": 1,
        "fillGradient": 0,
        "grid": {
          "leftLogBase": 1,
          "rightLogBase": 1
        },
        "gridPos": {
          "h": 7,
          "w": 6,
          "x": 6,
          "y": 29
        },
        "hiddenSeries": false,
        "id": 93,
        "legend": {
          "avg": false,
          "current": true,
          "max": true,
          "min": false,
          "show": true,
          "total": false,
          "values": true
        },
        "lines": true,
        "linewidth": 1,
        "links": [],
        "nullPointMode": "null",
        "options": {
          "alertThreshold": true
        },
        "percentage": false,
        "pluginVersion": "8.5.3",
        "pointradius": 5,
        "points": false,
        "renderer": "flot",
        "seriesOverrides": [],
        "spaceLength": 10,
        "stack": false,
        "steppedLine": false,
        "targets": [
          {
            "expr": "system_load_average_1m{instance=\"$instance\"}",
            "format": "time_series",
            "intervalFactor": 2,
            "legendFormat": "system-1m",
            "metric": "",
            "refId": "A",
            "step": 2400
          },
          {
            "expr": "",
            "format": "time_series",
            "intervalFactor": 2,
            "refId": "B"
          },
          {
            "expr": "system_cpu_count{instance=\"$instance\"}",
            "format": "time_series",
            "intervalFactor": 2,
            "legendFormat": "cpu",
            "refId": "C"
          }
        ],
        "thresholds": [],
        "timeRegions": [],
        "title": "Load",
        "tooltip": {
          "msResolution": false,
          "shared": true,
          "sort": 0,
          "value_type": "cumulative"
        },
        "type": "graph",
        "x-axis": true,
        "xaxis": {
          "mode": "time",
          "show": true,
          "values": []
        },
        "y-axis": true,
        "y_formats": [
          "short",
          "short"
        ],
        "yaxes": [
          {
            "decimals": 1,
            "format": "short",
            "label": "",
            "logBase": 1,
            "min": 0,
            "show": true
          },
          {
            "format": "short",
            "logBase": 1,
            "show": true
          }
        ],
        "yaxis": {
          "align": false
        }
      },
      {
        "aliasColors": {},
        "bars": false,
        "dashLength": 10,
        "dashes": false,
        "datasource": {
           "type": "prometheus"
          
        },
        "editable": true,
        "error": false,
        "fill": 1,
        "fillGradient": 0,
        "grid": {
          "leftLogBase": 1,
          "rightLogBase": 1
        },
        "gridPos": {
          "h": 7,
          "w": 6,
          "x": 12,
          "y": 29
        },
        "hiddenSeries": false,
        "id": 32,
        "legend": {
          "avg": false,
          "current": true,
          "max": true,
          "min": false,
          "show": true,
          "total": false,
          "values": true
        },
        "lines": true,
        "linewidth": 1,
        "links": [],
        "nullPointMode": "null",
        "options": {
          "alertThreshold": true
        },
        "percentage": false,
        "pluginVersion": "8.5.3",
        "pointradius": 5,
        "points": false,
        "renderer": "flot",
        "seriesOverrides": [],
        "spaceLength": 10,
        "stack": false,
        "steppedLine": false,
        "targets": [
          {
            "datasource": {
               "type": "prometheus"
              
            },
            "expr": "jvm_threads_live{instance=\"$instance\"} or jvm_threads_live_threads{instance=\"$instance\"}",
            "format": "time_series",
            "intervalFactor": 2,
            "legendFormat": "live",
            "metric": "",
            "refId": "A",
            "step": 2400
          },
          {
            "datasource": {
               "type": "prometheus"
              
            },
            "expr": "jvm_threads_daemon{instance=\"$instance\"} or jvm_threads_daemon_threads{instance=\"$instance\"}",
            "format": "time_series",
            "intervalFactor": 2,
            "legendFormat": "daemon",
            "metric": "",
            "refId": "B",
            "step": 2400
          },
          {
            "datasource": {
               "type": "prometheus"
              
            },
            "expr": "jvm_threads_peak{instance=\"$instance\"} or jvm_threads_peak_threads{instance=\"$instance\"}",
            "format": "time_series",
            "intervalFactor": 2,
            "legendFormat": "peak",
            "refId": "C",
            "step": 2400
          },
          {
            "datasource": {
               "type": "prometheus"
              
            },
            "expr": "process_threads{instance=\"$instance\"}",
            "format": "time_series",
            "interval": "",
            "intervalFactor": 2,
            "legendFormat": "process",
            "refId": "D",
            "step": 2400
          }
        ],
        "thresholds": [],
        "timeRegions": [],
        "title": "Threads",
        "tooltip": {
          "msResolution": false,
          "shared": true,
          "sort": 0,
          "value_type": "cumulative"
        },
        "type": "graph",
        "x-axis": true,
        "xaxis": {
          "mode": "time",
          "show": true,
          "values": []
        },
        "y-axis": true,
        "y_formats": [
          "short",
          "short"
        ],
        "yaxes": [
          {
            "decimals": 0,
            "format": "short",
            "logBase": 1,
            "min": 0,
            "show": true
          },
          {
            "format": "short",
            "logBase": 1,
            "show": true
          }
        ],
        "yaxis": {
          "align": false
        }
      },
      {
        "aliasColors": {
          "blocked": "#bf1b00",
          "new": "#fce2de",
          "runnable": "#7eb26d",
          "terminated": "#511749",
          "timed-waiting": "#c15c17",
          "waiting": "#eab839"
        },
        "bars": false,
        "dashLength": 10,
        "dashes": false,
        "datasource": {
           "type": "prometheus"
          
        },
        "fill": 1,
        "fillGradient": 0,
        "gridPos": {
          "h": 7,
          "w": 6,
          "x": 18,
          "y": 29
        },
        "hiddenSeries": false,
        "id": 124,
        "legend": {
          "alignAsTable": false,
          "avg": false,
          "current": true,
          "max": true,
          "min": false,
          "rightSide": false,
          "show": true,
          "total": false,
          "values": true
        },
        "lines": true,
        "linewidth": 1,
        "links": [],
        "nullPointMode": "null",
        "options": {
          "alertThreshold": true
        },
        "percentage": false,
        "pluginVersion": "8.5.3",
        "pointradius": 5,
        "points": false,
        "renderer": "flot",
        "seriesOverrides": [],
        "spaceLength": 10,
        "stack": false,
        "steppedLine": false,
        "targets": [
          {
            "datasource": {
               "type": "prometheus"
              
            },
            "expr": "jvm_threads_states_threads{instance=\"$instance\"}",
            "format": "time_series",
            "intervalFactor": 2,
            "legendFormat": "{{state}}",
            "refId": "A"
          }
        ],
        "thresholds": [],
        "timeRegions": [],
        "title": "Thread States",
        "tooltip": {
          "shared": true,
          "sort": 0,
          "value_type": "individual"
        },
        "type": "graph",
        "xaxis": {
          "mode": "time",
          "show": true,
          "values": []
        },
        "yaxes": [
          {
            "format": "short",
            "logBase": 1,
            "show": true
          },
          {
            "format": "short",
            "logBase": 1,
            "show": true
          }
        ],
        "yaxis": {
          "align": false
        }
      },
      {
        "aliasColors": {
          "debug": "#1F78C1",
          "error": "#BF1B00",
          "info": "#508642",
          "trace": "#6ED0E0",
          "warn": "#EAB839"
        },
        "bars": false,
        "dashLength": 10,
        "dashes": false,
        "datasource": {
           "type": "prometheus"
          
        },
        "editable": true,
        "error": false,
        "fill": 1,
        "fillGradient": 0,
        "grid": {
          "leftLogBase": 1,
          "rightLogBase": 1
        },
        "gridPos": {
          "h": 7,
          "w": 18,
          "x": 0,
          "y": 36
        },
        "height": "",
        "hiddenSeries": false,
        "id": 91,
        "legend": {
          "alignAsTable": false,
          "avg": false,
          "current": true,
          "hideEmpty": false,
          "hideZero": false,
          "max": true,
          "min": false,
          "rightSide": false,
          "show": true,
          "total": false,
          "values": true
        },
        "lines": true,
        "linewidth": 1,
        "links": [],
        "nullPointMode": "null",
        "options": {
          "alertThreshold": true
        },
        "percentage": true,
        "pluginVersion": "8.5.3",
        "pointradius": 5,
        "points": false,
        "renderer": "flot",
        "seriesOverrides": [
          {
            "alias": "error",
            "yaxis": 1
          },
          {
            "alias": "warn",
            "yaxis": 1
          }
        ],
        "spaceLength": 10,
        "stack": false,
        "steppedLine": false,
        "targets": [
          {
            "datasource": {
               "type": "prometheus"
              
            },
            "expr": "logback_events_total{instance=\"$instance\"}",
            "format": "time_series",
            "interval": "",
            "intervalFactor": 2,
            "legendFormat": "{{level}}",
            "metric": "",
            "refId": "A",
            "step": 1200
          }
        ],
        "thresholds": [],
        "timeRegions": [],
        "title": "Log Events (1m)",
        "tooltip": {
          "msResolution": false,
          "shared": true,
          "sort": 0,
          "value_type": "individual"
        },
        "type": "graph",
        "x-axis": true,
        "xaxis": {
          "mode": "time",
          "show": true,
          "values": []
        },
        "y-axis": true,
        "y_formats": [
          "short",
          "short"
        ],
        "yaxes": [
          {
            "decimals": 0,
            "format": "short",
            "logBase": 1,
            "min": "0",
            "show": true
          },
          {
            "format": "short",
            "logBase": 1,
            "show": true
          }
        ],
        "yaxis": {
          "align": false
        }
      },
      {
        "aliasColors": {},
        "bars": false,
        "dashLength": 10,
        "dashes": false,
        "datasource": {
          "type": "prometheus"
        },
        "editable": true,
        "error": false,
        "fill": 1,
        "fillGradient": 0,
        "grid": {
          "leftLogBase": 1,
          "rightLogBase": 1
        },
        "gridPos": {
          "h": 7,
          "w": 6,
          "x": 18,
          "y": 36
        },
        "hiddenSeries": false,
        "id": 61,
        "legend": {
          "avg": false,
          "current": true,
          "max": true,
          "min": false,
          "show": true,
          "total": false,
          "values": true
        },
        "lines": true,
        "linewidth": 1,
        "links": [],
        "nullPointMode": "null",
        "options": {
          "alertThreshold": true
        },
        "percentage": false,
        "pluginVersion": "8.5.3",
        "pointradius": 5,
        "points": false,
        "renderer": "flot",
        "seriesOverrides": [],
        "spaceLength": 10,
        "stack": false,
        "steppedLine": false,
        "targets": [
          {
            "expr": "process_open_fds{instance=\"$instance\"}",
            "format": "time_series",
            "hide": false,
            "intervalFactor": 2,
            "legendFormat": "open",
            "metric": "",
            "refId": "A",
            "step": 2400
          },
          {
            "expr": "process_max_fds{instance=\"$instance\"}",
            "format": "time_series",
            "hide": false,
            "intervalFactor": 2,
            "legendFormat": "max",
            "metric": "",
            "refId": "B",
            "step": 2400
          },
          {
            "expr": "process_files_open{instance=\"$instance\"} or process_files_open_files{instance=\"$instance\"}",
            "format": "time_series",
            "intervalFactor": 2,
            "legendFormat": "open",
            "refId": "C"
          },
          {
            "expr": "process_files_max{instance=\"$instance\"} or process_files_max_files{instance=\"$instance\"}",
            "format": "time_series",
            "intervalFactor": 2,
            "legendFormat": "max",
            "refId": "D"
          }
        ],
        "thresholds": [],
        "timeRegions": [],
        "title": "File Descriptors",
        "tooltip": {
          "msResolution": false,
          "shared": true,
          "sort": 0,
          "value_type": "cumulative"
        },
        "type": "graph",
        "x-axis": true,
        "xaxis": {
          "mode": "time",
          "show": true,
          "values": []
        },
        "y-axis": true,
        "y_formats": [
          "short",
          "short"
        ],
        "yaxes": [
          {
            "decimals": 0,
            "format": "short",
            "logBase": 10,
            "min": 0,
            "show": true
          },
          {
            "format": "short",
            "logBase": 1,
            "show": true
          }
        ],
        "yaxis": {
          "align": false
        }
      },
      {
        "collapsed": true,
        "datasource": {
          "type": "prometheus"
        },
        "gridPos": {
          "h": 1,
          "w": 24,
          "x": 0,
          "y": 43
        },
        "id": 129,
        "panels": [
          {
            "aliasColors": {},
            "bars": false,
            "dashLength": 10,
            "dashes": false,
            "datasource": {
              "type": "prometheus"
            },
            "editable": true,
            "error": false,
            "fill": 1,
            "fillGradient": 0,
            "grid": {
              "leftLogBase": 1,
              "rightLogBase": 1
            },
            "gridPos": {
              "h": 7,
              "w": 8,
              "x": 0,
              "y": 52
            },
            "hiddenSeries": false,
            "id": 3,
            "legend": {
              "alignAsTable": false,
              "avg": false,
              "current": true,
              "max": true,
              "min": false,
              "rightSide": false,
              "show": true,
              "total": false,
              "values": true
            },
            "lines": true,
            "linewidth": 1,
            "links": [],
            "maxPerRow": 3,
            "nullPointMode": "null",
            "options": {
              "alertThreshold": true
            },
            "percentage": false,
            "pluginVersion": "8.5.3",
            "pointradius": 5,
            "points": false,
            "renderer": "flot",
            "repeat": "jvm_memory_pool_heap",
            "seriesOverrides": [],
            "spaceLength": 10,
            "stack": false,
            "steppedLine": false,
            "targets": [
              {
                "expr": "jvm_memory_used_bytes{instance=\"$instance\", id=\"$jvm_memory_pool_heap\"}",
                "format": "time_series",
                "hide": false,
                "interval": "",
                "intervalFactor": 2,
                "legendFormat": "used",
                "metric": "",
                "refId": "A",
                "step": 1800
              },
              {
                "expr": "jvm_memory_committed_bytes{instance=\"$instance\", id=\"$jvm_memory_pool_heap\"}",
                "format": "time_series",
                "hide": false,
                "interval": "",
                "intervalFactor": 2,
                "legendFormat": "commited",
                "metric": "",
                "refId": "B",
                "step": 1800
              },
              {
                "expr": "jvm_memory_max_bytes{instance=\"$instance\", id=\"$jvm_memory_pool_heap\"}",
                "format": "time_series",
                "hide": false,
                "interval": "",
                "intervalFactor": 2,
                "legendFormat": "max",
                "metric": "",
                "refId": "C",
                "step": 1800
              }
            ],
            "thresholds": [],
            "timeRegions": [],
            "title": "$jvm_memory_pool_heap",
            "tooltip": {
              "msResolution": false,
              "shared": true,
              "sort": 0,
              "value_type": "cumulative"
            },
            "type": "graph",
            "x-axis": true,
            "xaxis": {
              "mode": "time",
              "show": true,
              "values": []
            },
            "y-axis": true,
            "y_formats": [
              "mbytes",
              "short"
            ],
            "yaxes": [
              {
                "format": "bytes",
                "logBase": 1,
                "min": 0,
                "show": true
              },
              {
                "format": "short",
                "logBase": 1,
                "show": true
              }
            ],
            "yaxis": {
              "align": false
            }
          }
        ],
        "repeat": "persistence_counts",
        "title": "JVM Memory Pools (Heap)",
        "type": "row"
      },
      {
        "collapsed": true,
        "datasource": {
          "type": "prometheus"
        },
        "gridPos": {
          "h": 1,
          "w": 24,
          "x": 0,
          "y": 44
        },
        "id": 130,
        "panels": [
          {
            "aliasColors": {},
            "bars": false,
            "dashLength": 10,
            "dashes": false,
            "datasource": {
              "type": "prometheus"
            },
            "editable": true,
            "error": false,
            "fill": 1,
            "fillGradient": 0,
            "grid": {
              "leftLogBase": 1,
              "rightLogBase": 1
            },
            "gridPos": {
              "h": 7,
              "w": 8,
              "x": 0,
              "y": 60
            },
            "hiddenSeries": false,
            "id": 78,
            "legend": {
              "alignAsTable": false,
              "avg": false,
              "current": true,
              "max": true,
              "min": false,
              "rightSide": false,
              "show": true,
              "total": false,
              "values": true
            },
            "lines": true,
            "linewidth": 1,
            "links": [],
            "maxPerRow": 3,
            "nullPointMode": "null",
            "options": {
              "alertThreshold": true
            },
            "percentage": false,
            "pluginVersion": "8.5.3",
            "pointradius": 5,
            "points": false,
            "renderer": "flot",
            "repeat": "jvm_memory_pool_nonheap",
            "seriesOverrides": [],
            "spaceLength": 10,
            "stack": false,
            "steppedLine": false,
            "targets": [
              {
                "expr": "jvm_memory_used_bytes{instance=\"$instance\", id=\"$jvm_memory_pool_nonheap\"}",
                "format": "time_series",
                "hide": false,
                "interval": "",
                "intervalFactor": 2,
                "legendFormat": "used",
                "metric": "",
                "refId": "A",
                "step": 1800
              },
              {
                "expr": "jvm_memory_committed_bytes{instance=\"$instance\", id=\"$jvm_memory_pool_nonheap\"}",
                "format": "time_series",
                "hide": false,
                "interval": "",
                "intervalFactor": 2,
                "legendFormat": "commited",
                "metric": "",
                "refId": "B",
                "step": 1800
              },
              {
                "expr": "jvm_memory_max_bytes{instance=\"$instance\", id=\"$jvm_memory_pool_nonheap\"}",
                "format": "time_series",
                "hide": false,
                "interval": "",
                "intervalFactor": 2,
                "legendFormat": "max",
                "metric": "",
                "refId": "C",
                "step": 1800
              }
            ],
            "thresholds": [],
            "timeRegions": [],
            "title": "$jvm_memory_pool_nonheap",
            "tooltip": {
              "msResolution": false,
              "shared": true,
              "sort": 0,
              "value_type": "cumulative"
            },
            "type": "graph",
            "x-axis": true,
            "xaxis": {
              "mode": "time",
              "show": true,
              "values": []
            },
            "y-axis": true,
            "y_formats": [
              "mbytes",
              "short"
            ],
            "yaxes": [
              {
                "format": "bytes",
                "logBase": 1,
                "min": 0,
                "show": true
              },
              {
                "format": "short",
                "logBase": 1,
                "show": true
              }
            ],
            "yaxis": {
              "align": false
            }
          }
        ],
        "title": "JVM Memory Pools (Non-Heap)",
        "type": "row"
      },
      {
        "collapsed": true,
        "datasource": {
          "type": "prometheus"
        },
        "gridPos": {
          "h": 1,
          "w": 24,
          "x": 0,
          "y": 45
        },
        "id": 131,
        "panels": [
          {
            "aliasColors": {},
            "bars": false,
            "dashLength": 10,
            "dashes": false,
            "datasource": {
              "type": "prometheus"
            },
            "fill": 1,
            "fillGradient": 0,
            "gridPos": {
              "h": 7,
              "w": 8,
              "x": 0,
              "y": 68
            },
            "hiddenSeries": false,
            "id": 98,
            "legend": {
              "avg": false,
              "current": false,
              "max": false,
              "min": false,
              "show": true,
              "total": false,
              "values": false
            },
            "lines": true,
            "linewidth": 1,
            "links": [],
            "nullPointMode": "null",
            "options": {
              "alertThreshold": true
            },
            "percentage": false,
            "pluginVersion": "8.5.3",
            "pointradius": 5,
            "points": false,
            "renderer": "flot",
            "seriesOverrides": [],
            "spaceLength": 10,
            "stack": false,
            "steppedLine": false,
            "targets": [
              {
                "expr": "rate(jvm_gc_pause_seconds_count{instance=\"$instance\"}[1m])",
                "format": "time_series",
                "hide": false,
                "intervalFactor": 2,
                "legendFormat": "{{action}} ({{cause}})",
                "refId": "A"
              }
            ],
            "thresholds": [],
            "timeRegions": [],
            "title": "Collections",
            "tooltip": {
              "shared": true,
              "sort": 0,
              "value_type": "individual"
            },
            "type": "graph",
            "xaxis": {
              "mode": "time",
              "show": true,
              "values": []
            },
            "yaxes": [
              {
                "format": "ops",
                "logBase": 1,
                "min": "0",
                "show": true
              },
              {
                "format": "short",
                "label": "",
                "logBase": 1,
                "show": true
              }
            ],
            "yaxis": {
              "align": false
            }
          },
          {
            "aliasColors": {},
            "bars": false,
            "dashLength": 10,
            "dashes": false,
            "datasource": {
              "type": "prometheus"
            },
            "fill": 1,
            "fillGradient": 0,
            "gridPos": {
              "h": 7,
              "w": 8,
              "x": 8,
              "y": 68
            },
            "hiddenSeries": false,
            "id": 101,
            "legend": {
              "avg": false,
              "current": false,
              "max": false,
              "min": false,
              "show": true,
              "total": false,
              "values": false
            },
            "lines": true,
            "linewidth": 1,
            "links": [],
            "nullPointMode": "null",
            "options": {
              "alertThreshold": true
            },
            "percentage": false,
            "pluginVersion": "8.5.3",
            "pointradius": 5,
            "points": false,
            "renderer": "flot",
            "seriesOverrides": [],
            "spaceLength": 10,
            "stack": false,
            "steppedLine": false,
            "targets": [
              {
                "expr": "rate(jvm_gc_pause_seconds_sum{instance=\"$instance\"}[1m])/rate(jvm_gc_pause_seconds_count{instance=\"$instance\"}[1m])",
                "format": "time_series",
                "hide": false,
                "instant": false,
                "intervalFactor": 1,
                "legendFormat": "avg {{action}} ({{cause}})",
                "refId": "A"
              },
              {
                "expr": "jvm_gc_pause_seconds_max{instance=\"$instance\"}",
                "format": "time_series",
                "hide": false,
                "instant": false,
                "intervalFactor": 1,
                "legendFormat": "max {{action}} ({{cause}})",
                "refId": "B"
              }
            ],
            "thresholds": [],
            "timeRegions": [],
            "title": "Pause Durations",
            "tooltip": {
              "shared": true,
              "sort": 0,
              "value_type": "individual"
            },
            "type": "graph",
            "xaxis": {
              "mode": "time",
              "show": true,
              "values": []
            },
            "yaxes": [
              {
                "format": "s",
                "logBase": 1,
                "min": "0",
                "show": true
              },
              {
                "format": "short",
                "label": "",
                "logBase": 1,
                "show": true
              }
            ],
            "yaxis": {
              "align": false
            }
          },
          {
            "aliasColors": {},
            "bars": false,
            "dashLength": 10,
            "dashes": false,
            "datasource": {
              "type": "prometheus"
            },
            "fill": 1,
            "fillGradient": 0,
            "gridPos": {
              "h": 7,
              "w": 8,
              "x": 16,
              "y": 68
            },
            "hiddenSeries": false,
            "id": 99,
            "legend": {
              "avg": false,
              "current": false,
              "max": false,
              "min": false,
              "show": true,
              "total": false,
              "values": false
            },
            "lines": true,
            "linewidth": 1,
            "links": [],
            "nullPointMode": "null",
            "options": {
              "alertThreshold": true
            },
            "percentage": false,
            "pluginVersion": "8.5.3",
            "pointradius": 5,
            "points": false,
            "renderer": "flot",
            "seriesOverrides": [],
            "spaceLength": 10,
            "stack": false,
            "steppedLine": false,
            "targets": [
              {
                "expr": "rate(jvm_gc_memory_allocated_bytes_total{instance=\"$instance\"}[1m])",
                "format": "time_series",
                "interval": "",
                "intervalFactor": 1,
                "legendFormat": "allocated",
                "refId": "A"
              },
              {
                "expr": "rate(jvm_gc_memory_promoted_bytes_total{instance=\"$instance\"}[1m])",
                "format": "time_series",
                "interval": "",
                "intervalFactor": 1,
                "legendFormat": "promoted",
                "refId": "B"
              }
            ],
            "thresholds": [],
            "timeRegions": [],
            "title": "Allocated/Promoted",
            "tooltip": {
              "shared": true,
              "sort": 0,
              "value_type": "individual"
            },
            "type": "graph",
            "xaxis": {
              "mode": "time",
              "show": true,
              "values": []
            },
            "yaxes": [
              {
                "format": "bytes",
                "logBase": 1,
                "min": "0",
                "show": true
              },
              {
                "format": "short",
                "logBase": 1,
                "show": true
              }
            ],
            "yaxis": {
              "align": false
            }
          }
        ],
        "title": "Garbage Collection",
        "type": "row"
      },
      {
        "collapsed": true,
        "datasource": {
          "type": "prometheus"
        },
        "gridPos": {
          "h": 1,
          "w": 24,
          "x": 0,
          "y": 46
        },
        "id": 132,
        "panels": [
          {
            "aliasColors": {},
            "bars": false,
            "dashLength": 10,
            "dashes": false,
            "datasource": {
              "type": "prometheus"
            },
            "editable": true,
            "error": false,
            "fill": 1,
            "fillGradient": 0,
            "grid": {
              "leftLogBase": 1,
              "rightLogBase": 1
            },
            "gridPos": {
              "h": 7,
              "w": 12,
              "x": 0,
              "y": 76
            },
            "hiddenSeries": false,
            "id": 37,
            "legend": {
              "avg": false,
              "current": false,
              "max": false,
              "min": false,
              "show": true,
              "total": false,
              "values": false
            },
            "lines": true,
            "linewidth": 1,
            "links": [],
            "nullPointMode": "null",
            "options": {
              "alertThreshold": true
            },
            "percentage": false,
            "pluginVersion": "8.5.3",
            "pointradius": 5,
            "points": false,
            "renderer": "flot",
            "seriesOverrides": [],
            "spaceLength": 10,
            "stack": false,
            "steppedLine": false,
            "targets": [
              {
                "expr": "jvm_classes_loaded{instance=\"$instance\"} or jvm_classes_loaded_classes{instance=\"$instance\"}",
                "format": "time_series",
                "intervalFactor": 2,
                "legendFormat": "loaded",
                "metric": "",
                "refId": "A",
                "step": 1200
              }
            ],
            "thresholds": [],
            "timeRegions": [],
            "title": "Classes loaded",
            "tooltip": {
              "msResolution": false,
              "shared": true,
              "sort": 0,
              "value_type": "cumulative"
            },
            "type": "graph",
            "x-axis": true,
            "xaxis": {
              "mode": "time",
              "show": true,
              "values": []
            },
            "y-axis": true,
            "y_formats": [
              "short",
              "short"
            ],
            "yaxes": [
              {
                "format": "short",
                "logBase": 1,
                "min": 0,
                "show": true
              },
              {
                "format": "short",
                "logBase": 1,
                "show": true
              }
            ],
            "yaxis": {
              "align": false
            }
          },
          {
            "aliasColors": {},
            "bars": false,
            "dashLength": 10,
            "dashes": false,
            "datasource": {
              "type": "prometheus"
            },
            "editable": true,
            "error": false,
            "fill": 1,
            "fillGradient": 0,
            "grid": {
              "leftLogBase": 1,
              "rightLogBase": 1
            },
            "gridPos": {
              "h": 7,
              "w": 12,
              "x": 12,
              "y": 76
            },
            "hiddenSeries": false,
            "id": 38,
            "legend": {
              "avg": false,
              "current": false,
              "max": false,
              "min": false,
              "show": true,
              "total": false,
              "values": false
            },
            "lines": true,
            "linewidth": 1,
            "links": [],
            "nullPointMode": "null",
            "options": {
              "alertThreshold": true
            },
            "percentage": false,
            "pluginVersion": "8.5.3",
            "pointradius": 5,
            "points": false,
            "renderer": "flot",
            "seriesOverrides": [],
            "spaceLength": 10,
            "stack": false,
            "steppedLine": false,
            "targets": [
              {
                "expr": "delta(jvm_classes_loaded{application=\"$application\",instance=\"$instance\"}[5m]) or delta(jvm_classes_loaded_classes{application=\"$application\",instance=\"$instance\"}[5m])",
                "format": "time_series",
                "hide": false,
                "interval": "",
                "intervalFactor": 2,
                "legendFormat": "delta",
                "metric": "",
                "refId": "A",
                "step": 1200
              }
            ],
            "thresholds": [],
            "timeRegions": [],
            "title": "Class delta (5m)",
            "tooltip": {
              "msResolution": false,
              "shared": true,
              "sort": 0,
              "value_type": "cumulative"
            },
            "type": "graph",
            "x-axis": true,
            "xaxis": {
              "mode": "time",
              "show": true,
              "values": []
            },
            "y-axis": true,
            "y_formats": [
              "ops",
              "short"
            ],
            "yaxes": [
              {
                "format": "short",
                "label": "",
                "logBase": 1,
                "show": true
              },
              {
                "format": "short",
                "logBase": 1,
                "show": true
              }
            ],
            "yaxis": {
              "align": false
            }
          }
        ],
        "title": "Classloading",
        "type": "row"
      },
      {
        "collapsed": true,
        "datasource": {
          "type": "prometheus"
        },
        "gridPos": {
          "h": 1,
          "w": 24,
          "x": 0,
          "y": 47
        },
        "id": 133,
        "panels": [
          {
            "aliasColors": {},
            "bars": false,
            "dashLength": 10,
            "dashes": false,
            "datasource": {
              "type": "prometheus"
            },
            "editable": true,
            "error": false,
            "fill": 1,
            "fillGradient": 0,
            "grid": {
              "leftLogBase": 1,
              "rightLogBase": 1
            },
            "gridPos": {
              "h": 7,
              "w": 6,
              "x": 0,
              "y": 84
            },
            "hiddenSeries": false,
            "id": 33,
            "legend": {
              "avg": false,
              "current": false,
              "max": false,
              "min": false,
              "show": true,
              "total": false,
              "values": false
            },
            "lines": true,
            "linewidth": 1,
            "links": [],
            "nullPointMode": "null",
            "options": {
              "alertThreshold": true
            },
            "percentage": false,
            "pluginVersion": "8.5.3",
            "pointradius": 5,
            "points": false,
            "renderer": "flot",
            "seriesOverrides": [],
            "spaceLength": 10,
            "stack": false,
            "steppedLine": false,
            "targets": [
              {
                "expr": "jvm_buffer_memory_used_bytes{instance=\"$instance\", id=\"direct\"}",
                "format": "time_series",
                "intervalFactor": 2,
                "legendFormat": "used",
                "metric": "",
                "refId": "A",
                "step": 2400
              },
              {
                "expr": "jvm_buffer_total_capacity_bytes{instance=\"$instance\", id=\"direct\"}",
                "format": "time_series",
                "intervalFactor": 2,
                "legendFormat": "capacity",
                "metric": "",
                "refId": "B",
                "step": 2400
              }
            ],
            "thresholds": [],
            "timeRegions": [],
            "title": "Direct Buffers",
            "tooltip": {
              "msResolution": false,
              "shared": true,
              "sort": 0,
              "value_type": "cumulative"
            },
            "type": "graph",
            "x-axis": true,
            "xaxis": {
              "mode": "time",
              "show": true,
              "values": []
            },
            "y-axis": true,
            "y_formats": [
              "short",
              "short"
            ],
            "yaxes": [
              {
                "format": "bytes",
                "logBase": 1,
                "min": 0,
                "show": true
              },
              {
                "format": "short",
                "logBase": 1,
                "show": true
              }
            ],
            "yaxis": {
              "align": false
            }
          },
          {
            "aliasColors": {},
            "bars": false,
            "dashLength": 10,
            "dashes": false,
            "datasource": {
              "type": "prometheus"
            },
            "editable": true,
            "error": false,
            "fill": 1,
            "fillGradient": 0,
            "grid": {
              "leftLogBase": 1,
              "rightLogBase": 1
            },
            "gridPos": {
              "h": 7,
              "w": 6,
              "x": 6,
              "y": 84
            },
            "hiddenSeries": false,
            "id": 83,
            "legend": {
              "avg": false,
              "current": false,
              "max": false,
              "min": false,
              "show": true,
              "total": false,
              "values": false
            },
            "lines": true,
            "linewidth": 1,
            "links": [],
            "nullPointMode": "null",
            "options": {
              "alertThreshold": true
            },
            "percentage": false,
            "pluginVersion": "8.5.3",
            "pointradius": 5,
            "points": false,
            "renderer": "flot",
            "seriesOverrides": [],
            "spaceLength": 10,
            "stack": false,
            "steppedLine": false,
            "targets": [
              {
                "expr": "jvm_buffer_count{instance=\"$instance\", id=\"direct\"} or jvm_buffer_count_buffers{instance=\"$instance\", id=\"direct\"}",
                "format": "time_series",
                "intervalFactor": 2,
                "legendFormat": "count",
                "metric": "",
                "refId": "A",
                "step": 2400
              }
            ],
            "thresholds": [],
            "timeRegions": [],
            "title": "Direct Buffers",
            "tooltip": {
              "msResolution": false,
              "shared": true,
              "sort": 0,
              "value_type": "cumulative"
            },
            "type": "graph",
            "x-axis": true,
            "xaxis": {
              "mode": "time",
              "show": true,
              "values": []
            },
            "y-axis": true,
            "y_formats": [
              "short",
              "short"
            ],
            "yaxes": [
              {
                "decimals": 0,
                "format": "short",
                "logBase": 1,
                "min": 0,
                "show": true
              },
              {
                "format": "short",
                "logBase": 1,
                "show": true
              }
            ],
            "yaxis": {
              "align": false
            }
          },
          {
            "aliasColors": {},
            "bars": false,
            "dashLength": 10,
            "dashes": false,
            "datasource": {
              "type": "prometheus"
            },
            "editable": true,
            "error": false,
            "fill": 1,
            "fillGradient": 0,
            "grid": {
              "leftLogBase": 1,
              "rightLogBase": 1
            },
            "gridPos": {
              "h": 7,
              "w": 6,
              "x": 12,
              "y": 84
            },
            "hiddenSeries": false,
            "id": 85,
            "legend": {
              "avg": false,
              "current": false,
              "max": false,
              "min": false,
              "show": true,
              "total": false,
              "values": false
            },
            "lines": true,
            "linewidth": 1,
            "links": [],
            "nullPointMode": "null",
            "options": {
              "alertThreshold": true
            },
            "percentage": false,
            "pluginVersion": "8.5.3",
            "pointradius": 5,
            "points": false,
            "renderer": "flot",
            "seriesOverrides": [],
            "spaceLength": 10,
            "stack": false,
            "steppedLine": false,
            "targets": [
              {
                "expr": "jvm_buffer_memory_used_bytes{instance=\"$instance\", id=\"mapped\"}",
                "format": "time_series",
                "intervalFactor": 2,
                "legendFormat": "used",
                "metric": "",
                "refId": "A",
                "step": 2400
              },
              {
                "expr": "jvm_buffer_total_capacity_bytes{instance=\"$instance\", id=\"mapped\"}",
                "format": "time_series",
                "intervalFactor": 2,
                "legendFormat": "capacity",
                "metric": "",
                "refId": "B",
                "step": 2400
              }
            ],
            "thresholds": [],
            "timeRegions": [],
            "title": "Mapped Buffers",
            "tooltip": {
              "msResolution": false,
              "shared": true,
              "sort": 0,
              "value_type": "cumulative"
            },
            "type": "graph",
            "x-axis": true,
            "xaxis": {
              "mode": "time",
              "show": true,
              "values": []
            },
            "y-axis": true,
            "y_formats": [
              "short",
              "short"
            ],
            "yaxes": [
              {
                "format": "bytes",
                "logBase": 1,
                "min": 0,
                "show": true
              },
              {
                "format": "short",
                "logBase": 1,
                "show": true
              }
            ],
            "yaxis": {
              "align": false
            }
          },
          {
            "aliasColors": {},
            "bars": false,
            "dashLength": 10,
            "dashes": false,
            "datasource": {
              "type": "prometheus"
            },
            "editable": true,
            "error": false,
            "fill": 1,
            "fillGradient": 0,
            "grid": {
              "leftLogBase": 1,
              "rightLogBase": 1
            },
            "gridPos": {
              "h": 7,
              "w": 6,
              "x": 18,
              "y": 84
            },
            "hiddenSeries": false,
            "id": 84,
            "legend": {
              "avg": false,
              "current": false,
              "max": false,
              "min": false,
              "show": true,
              "total": false,
              "values": false
            },
            "lines": true,
            "linewidth": 1,
            "links": [],
            "nullPointMode": "null",
            "options": {
              "alertThreshold": true
            },
            "percentage": false,
            "pluginVersion": "8.5.3",
            "pointradius": 5,
            "points": false,
            "renderer": "flot",
            "seriesOverrides": [],
            "spaceLength": 10,
            "stack": false,
            "steppedLine": false,
            "targets": [
              {
                "expr": "jvm_buffer_count{instance=\"$instance\", id=\"mapped\"} or jvm_buffer_count_buffers{instance=\"$instance\", id=\"mapped\"}",
                "format": "time_series",
                "intervalFactor": 2,
                "legendFormat": "count",
                "metric": "",
                "refId": "A",
                "step": 2400
              }
            ],
            "thresholds": [],
            "timeRegions": [],
            "title": "Mapped Buffers",
            "tooltip": {
              "msResolution": false,
              "shared": true,
              "sort": 0,
              "value_type": "cumulative"
            },
            "type": "graph",
            "x-axis": true,
            "xaxis": {
              "mode": "time",
              "show": true,
              "values": []
            },
            "y-axis": true,
            "y_formats": [
              "short",
              "short"
            ],
            "yaxes": [
              {
                "decimals": 0,
                "format": "short",
                "logBase": 1,
                "min": 0,
                "show": true
              },
              {
                "format": "short",
                "logBase": 1,
                "show": true
              }
            ],
            "yaxis": {
              "align": false
            }
          }
        ],
        "title": "Buffer Pools",
        "type": "row"
      }
    ],
    "refresh": "10s",
    "schemaVersion": 36,
    "style": "dark",
    "tags": [],
    "templating": {
      "list": [
        {
          "current": {
            "isNone": true,
            "selected": false,
            "text": "None",
            "value": ""
          },
          "datasource": {
             "type": "prometheus"
            
          },
          "definition": "label_values(jvm_memory_used_bytes, application)",
          "hide": 0,
          "includeAll": false,
          "label": "application",
          "multi": false,
          "name": "application",
          "options": [],
          "query": {
            "query": "label_values(jvm_memory_used_bytes, application)",
            "refId": "Prometheus-application-Variable-Query"
          },
          "refresh": 1,
          "regex": "",
          "skipUrlSync": false,
          "sort": 0,
          "tagValuesQuery": "",
          "tagsQuery": "",
          "type": "query",
          "useTags": false
        },
        {
          "allFormat": "glob",
          "current": {
            "selected": false,
            "text": "10.65.41.81:31236",
            "value": "10.65.41.81:31236"
          },
          "datasource": {
             "type": "prometheus"
            
          },
          "definition": "label_values(jvm_memory_used_bytes{application=\"$application\", }, instance)",
          "hide": 0,
          "includeAll": false,
          "label": "Instance",
          "multi": false,
          "multiFormat": "glob",
          "name": "instance",
          "options": [],
          "query": {
            "query": "label_values(jvm_memory_used_bytes{application=\"$application\", }, instance)",
            "refId": "Prometheus-instance-Variable-Query"
          },
          "refresh": 2,
          "regex": "",
          "skipUrlSync": false,
          "sort": 0,
          "tagValuesQuery": "",
          "tagsQuery": "",
          "type": "query",
          "useTags": false
        },
        {
          "allFormat": "glob",
          "current": {
            "selected": false,
            "text": "All",
            "value": "$__all"
          },
          "datasource": {
             "type": "prometheus"
            
          },
          "definition": "",
          "hide": 0,
          "includeAll": true,
          "label": "JVM Memory Pools Heap",
          "multi": false,
          "multiFormat": "glob",
          "name": "jvm_memory_pool_heap",
          "options": [],
          "query": {
            "query": "label_values(jvm_memory_used_bytes{instance=\"$instance\", area=\"heap\"},id)",
            "refId": "Prometheus-jvm_memory_pool_heap-Variable-Query"
          },
          "refresh": 1,
          "regex": "",
          "skipUrlSync": false,
          "sort": 1,
          "tagValuesQuery": "",
          "tagsQuery": "",
          "type": "query",
          "useTags": false
        },
        {
          "allFormat": "glob",
          "current": {
            "selected": false,
            "text": "All",
            "value": "$__all"
          },
          "datasource": {
             "type": "prometheus"
            
          },
          "definition": "",
          "hide": 0,
          "includeAll": true,
          "label": "JVM Memory Pools Non-Heap",
          "multi": false,
          "multiFormat": "glob",
          "name": "jvm_memory_pool_nonheap",
          "options": [],
          "query": {
            "query": "label_values(jvm_memory_used_bytes{instance=\"$instance\", area=\"nonheap\"},id)",
            "refId": "Prometheus-jvm_memory_pool_nonheap-Variable-Query"
          },
          "refresh": 1,
          "regex": "",
          "skipUrlSync": false,
          "sort": 2,
          "tagValuesQuery": "",
          "tagsQuery": "",
          "type": "query",
          "useTags": false
        }
      ]
    },
    "time": {
      "from": "now-12h",
      "to": "now"
    },
    "timepicker": {
      "now": true,
      "refresh_intervals": [
        "5s",
        "10s",
        "30s",
        "1m",
        "5m",
        "15m",
        "30m",
        "1h",
        "2h",
        "1d"
      ],
      "time_options": [
        "5m",
        "15m",
        "1h",
        "6h",
        "12h",
        "24h",
        "2d",
        "7d",
        "30d"
      ]
    },
    "timezone": "browser",
    "title": "JVM (Actuator) with application name",    
    "version": 15,
    "weekStart": ""
  }